Geohash,Latitude,Longitude
dqcrj7p34,,
dqcrj6vkw,,
dqcrn66vg,,
dqcj6kmv0,,
dqcj6qd0g,,
dqcjhw4rv,,
dqcj6t2dt,,
dqcj6sjsg,,
dqcj6tjtz,,
dqcj6eync,,
dqcj7c16k,,
dqcj6kmy9,,
dqcjhr0fe,,
dqcjqcubw,,
dqcjjxhgc,,
dqcj6kmez,,
dqcm2qd5q,,
dqcm2qd4u,,
dqcj6kmgb,,
dqcjhnzzs,,
dqcj847w4,,
dqcjhwzgz,,
dqcjhx0yj,,
dqcjhppdp,,
dqcjr9hfk,,
dqcj7mjcy,,
dqcjq9pbh,,
dqcjjqrpx,,
dqcj6kmxp,,
dqc5c7c2e,,
dqcm2njux,,
dqcj6mvsj,,
dqcjhw43w,,
dqcjqg6mf,,
dqcm8y13u,,
dqcj6v1nr,,
dqcj7e8vb,,
dqcm8vcx8,,
dqcjr1c8g,,
dqcj6kmy6,,
dqcj6smn9,,
dqcm2qd5f,,
dqcj6t25f,,
dqcjq9ttn,,
dqcm2qd5r,,
dqcjr6q7e,,
dqcjjxjh0,,
dqcj7c1bb,,
dqcj6kmu3,,
dqcj844xe,,
